t,plant,axis,organ,Uptake_Nitrates
0,1,MS,roots,0
1,1,MS,roots,0.27247169
2,1,MS,roots,0.24111698
3,1,MS,roots,0.24696227
4,1,MS,roots,0.23212092
5,1,MS,roots,0.22002325
6,1,MS,roots,0.21072565
7,1,MS,roots,0.2034685
8,1,MS,roots,0.19768232
9,1,MS,roots,0.19247363
10,1,MS,roots,0.18798865
11,1,MS,roots,0.18414542
12,1,MS,roots,0.17999583
13,1,MS,roots,0.1755376
14,1,MS,roots,0.17161173
15,1,MS,roots,0.16842331
16,1,MS,roots,0.1660956
17,1,MS,roots,0.16429468
18,1,MS,roots,0.16284624
19,1,MS,roots,0.16142262
20,1,MS,roots,0.16022754
21,1,MS,roots,0.15944929
22,1,MS,roots,0.15926481
23,1,MS,roots,0.15943345
24,1,MS,roots,0.15908229
25,1,MS,roots,0.15820378
26,1,MS,roots,0.15762717
27,1,MS,roots,0.15770651
28,1,MS,roots,0.15718571
29,1,MS,roots,0.15605149
30,1,MS,roots,0.15428284
31,1,MS,roots,0.15244029
32,1,MS,roots,0.14933421
33,1,MS,roots,0.14731032
34,1,MS,roots,0.14381771
35,1,MS,roots,0.13942648
36,1,MS,roots,0.13756142
37,1,MS,roots,0.13610021
38,1,MS,roots,0.13285033
39,1,MS,roots,0.12712314
40,1,MS,roots,0.12339142
41,1,MS,roots,0.1213672
42,1,MS,roots,0.11868583
43,1,MS,roots,0.11578291
44,1,MS,roots,0.11175639
45,1,MS,roots,0.1072571
46,1,MS,roots,0.10587911
47,1,MS,roots,0.10818827
48,1,MS,roots,0.1133711
49,1,MS,roots,0.11992449
50,1,MS,roots,0.12525716
51,1,MS,roots,0.1291672
52,1,MS,roots,0.13188243
53,1,MS,roots,0.13152006
54,1,MS,roots,0.12978396
55,1,MS,roots,0.12891799
56,1,MS,roots,0.12778745
57,1,MS,roots,0.12728297
58,1,MS,roots,0.12696894
59,1,MS,roots,0.12687202
60,1,MS,roots,0.12660608
61,1,MS,roots,0.12565937
62,1,MS,roots,0.12422521
63,1,MS,roots,0.12252061
64,1,MS,roots,0.12094196
65,1,MS,roots,0.11957249
66,1,MS,roots,0.11815362
67,1,MS,roots,0.11648563
68,1,MS,roots,0.11465351
69,1,MS,roots,0.11283862
70,1,MS,roots,0.11147138
71,1,MS,roots,0.11097187
72,1,MS,roots,0.11191351
73,1,MS,roots,0.11381845
74,1,MS,roots,0.11498226
75,1,MS,roots,0.115477
76,1,MS,roots,0.11423882
77,1,MS,roots,0.11131464
78,1,MS,roots,0.10715478
79,1,MS,roots,0.10341276
80,1,MS,roots,0.10045943
81,1,MS,roots,0.09767751
82,1,MS,roots,0.09544117
83,1,MS,roots,0.09380479
84,1,MS,roots,0.0931718
85,1,MS,roots,0.09303132
86,1,MS,roots,0.09269066
87,1,MS,roots,0.09232358
88,1,MS,roots,0.09185951
89,1,MS,roots,0.09125929
90,1,MS,roots,0.09065014
91,1,MS,roots,0.09019344
92,1,MS,roots,0.08943409
93,1,MS,roots,0.08891774
94,1,MS,roots,0.08949054
95,1,MS,roots,0.09125929
96,1,MS,roots,0.09520322
97,1,MS,roots,0.10256728
98,1,MS,roots,0.10993031
99,1,MS,roots,0.11632515
100,1,MS,roots,0.1195467
101,1,MS,roots,0.11945063
102,1,MS,roots,0.11892399
103,1,MS,roots,0.11744241
104,1,MS,roots,0.11771269
105,1,MS,roots,0.11848071
106,1,MS,roots,0.118907
107,1,MS,roots,0.11888583
108,1,MS,roots,0.11904358
109,1,MS,roots,0.11921008
110,1,MS,roots,0.11952527
111,1,MS,roots,0.11980295
112,1,MS,roots,0.11963297
113,1,MS,roots,0.11948548
114,1,MS,roots,0.11958089
115,1,MS,roots,0.11961657
116,1,MS,roots,0.11979609
117,1,MS,roots,0.12004336
118,1,MS,roots,0.12116294
119,1,MS,roots,0.12431013
120,1,MS,roots,0.13082426
121,1,MS,roots,0.13936023
122,1,MS,roots,0.14616262
123,1,MS,roots,0.15155916
124,1,MS,roots,0.15399541
125,1,MS,roots,0.15337559
126,1,MS,roots,0.15157414
127,1,MS,roots,0.14822544
128,1,MS,roots,0.14306511
129,1,MS,roots,0.1404787
130,1,MS,roots,0.14006452
131,1,MS,roots,0.13980029
132,1,MS,roots,0.139103
133,1,MS,roots,0.13825636
134,1,MS,roots,0.13500785
135,1,MS,roots,0.13225029
136,1,MS,roots,0.13096729
137,1,MS,roots,0.12988157
138,1,MS,roots,0.12885306
139,1,MS,roots,0.12775759
140,1,MS,roots,0.12664935
141,1,MS,roots,0.12583382
142,1,MS,roots,0.12633712
143,1,MS,roots,0.1284207
144,1,MS,roots,0.13139511
145,1,MS,roots,0.13606901
146,1,MS,roots,0.14239255
147,1,MS,roots,0.14938784
148,1,MS,roots,0.15224954
149,1,MS,roots,0.15109662
150,1,MS,roots,0.1491564
151,1,MS,roots,0.14874897
152,1,MS,roots,0.14891396
153,1,MS,roots,0.14898883
154,1,MS,roots,0.14910544
155,1,MS,roots,0.14926406
156,1,MS,roots,0.14948749
157,1,MS,roots,0.14971358
158,1,MS,roots,0.14998761
159,1,MS,roots,0.1506206
160,1,MS,roots,0.1517123
161,1,MS,roots,0.15273647
162,1,MS,roots,0.15405148
163,1,MS,roots,0.15410216
164,1,MS,roots,0.15051276
165,1,MS,roots,0.14731936
166,1,MS,roots,0.14773054
167,1,MS,roots,0.15513
168,1,MS,roots,0.16782499
169,1,MS,roots,0.18364952
170,1,MS,roots,0.19893621
171,1,MS,roots,0.20547443
172,1,MS,roots,0.2039644
173,1,MS,roots,0.19805842
174,1,MS,roots,0.19068046
175,1,MS,roots,0.18799219
176,1,MS,roots,0.18885574
177,1,MS,roots,0.19078387
178,1,MS,roots,0.19254262
179,1,MS,roots,0.19381364
180,1,MS,roots,0.19487845
181,1,MS,roots,0.19624275
182,1,MS,roots,0.19825232
183,1,MS,roots,0.20051137
184,1,MS,roots,0.20153393
185,1,MS,roots,0.20213059
186,1,MS,roots,0.20292297
187,1,MS,roots,0.2036749
188,1,MS,roots,0.20391715
189,1,MS,roots,0.20445815
190,1,MS,roots,0.20616008
191,1,MS,roots,0.21002651
192,1,MS,roots,0.21531827
193,1,MS,roots,0.22337897
194,1,MS,roots,0.23112933
195,1,MS,roots,0.23588865
196,1,MS,roots,0.23843556
197,1,MS,roots,0.23821737
198,1,MS,roots,0.23705542
199,1,MS,roots,0.23574918
200,1,MS,roots,0.23391938
201,1,MS,roots,0.23180752
202,1,MS,roots,0.22983603
203,1,MS,roots,0.22927283
204,1,MS,roots,0.22848178
205,1,MS,roots,0.22728613
206,1,MS,roots,0.22564161
207,1,MS,roots,0.22390096
208,1,MS,roots,0.2223809
209,1,MS,roots,0.22000293
210,1,MS,roots,0.21768612
211,1,MS,roots,0.21526616
212,1,MS,roots,0.21140354
213,1,MS,roots,0.20593431
214,1,MS,roots,0.20124837
215,1,MS,roots,0.19878525
216,1,MS,roots,0.19739092
217,1,MS,roots,0.19611024
218,1,MS,roots,0.19471741
219,1,MS,roots,0.19525305
220,1,MS,roots,0.19692579
221,1,MS,roots,0.19742281
222,1,MS,roots,0.19793527
223,1,MS,roots,0.19731686
224,1,MS,roots,0.19468578
225,1,MS,roots,0.19191592
226,1,MS,roots,0.19006788
227,1,MS,roots,0.1886777
228,1,MS,roots,0.18811391
229,1,MS,roots,0.18803377
230,1,MS,roots,0.18720691
231,1,MS,roots,0.18547146
232,1,MS,roots,0.18324638
233,1,MS,roots,0.17896412
234,1,MS,roots,0.17313816
235,1,MS,roots,0.16707227
236,1,MS,roots,0.16318869
237,1,MS,roots,0.16298324
238,1,MS,roots,0.16082434
239,1,MS,roots,0.15913071
240,1,MS,roots,0.16176689
241,1,MS,roots,0.16539111
242,1,MS,roots,0.16700847
243,1,MS,roots,0.16742686
244,1,MS,roots,0.16643737
245,1,MS,roots,0.16528238
246,1,MS,roots,0.16498752
247,1,MS,roots,0.16483017
248,1,MS,roots,0.16399193
249,1,MS,roots,0.16301446
250,1,MS,roots,0.16069851
251,1,MS,roots,0.15831902
252,1,MS,roots,0.15651242
253,1,MS,roots,0.15291136
254,1,MS,roots,0.14796769
255,1,MS,roots,0.14444216
256,1,MS,roots,0.14177093
257,1,MS,roots,0.13972053
258,1,MS,roots,0.13751333
259,1,MS,roots,0.13406428
260,1,MS,roots,0.12864895
261,1,MS,roots,0.12368265
262,1,MS,roots,0.11993877
263,1,MS,roots,0.11709342
264,1,MS,roots,0.11583366
265,1,MS,roots,0.11517231
266,1,MS,roots,0.11360276
267,1,MS,roots,0.11244162
268,1,MS,roots,0.11056173
269,1,MS,roots,0.10780095
270,1,MS,roots,0.10429415
271,1,MS,roots,0.09993108
272,1,MS,roots,0.09605315
273,1,MS,roots,0.09322829
274,1,MS,roots,0.09255482
275,1,MS,roots,0.09309066
276,1,MS,roots,0.09314836
277,1,MS,roots,0.09259236
278,1,MS,roots,0.09162323
279,1,MS,roots,0.09022735
280,1,MS,roots,0.08861165
281,1,MS,roots,0.08699612
282,1,MS,roots,0.08562021
283,1,MS,roots,0.0841747
284,1,MS,roots,0.08235892
285,1,MS,roots,0.08073665
286,1,MS,roots,0.08071433
287,1,MS,roots,0.08267593
288,1,MS,roots,0.08693838
289,1,MS,roots,0.09335444
290,1,MS,roots,0.10146084
291,1,MS,roots,0.1081118
292,1,MS,roots,0.11146579
293,1,MS,roots,0.11282651
294,1,MS,roots,0.11312584
295,1,MS,roots,0.11334886
296,1,MS,roots,0.11368805
297,1,MS,roots,0.11393115
298,1,MS,roots,0.11389267
299,1,MS,roots,0.11375373
300,1,MS,roots,0.11310126
301,1,MS,roots,0.11160702
302,1,MS,roots,0.11014013
303,1,MS,roots,0.10926228
304,1,MS,roots,0.1091907
305,1,MS,roots,0.10943027
306,1,MS,roots,0.11060849
307,1,MS,roots,0.11182702
308,1,MS,roots,0.11247712
309,1,MS,roots,0.11314509
310,1,MS,roots,0.11453884
311,1,MS,roots,0.11650047
312,1,MS,roots,0.11898353
313,1,MS,roots,0.12155102
314,1,MS,roots,0.12412172
315,1,MS,roots,0.12592351
316,1,MS,roots,0.1261511
317,1,MS,roots,0.12583862
318,1,MS,roots,0.12518659
319,1,MS,roots,0.12440232
320,1,MS,roots,0.12327439
321,1,MS,roots,0.12232177
322,1,MS,roots,0.12112984
323,1,MS,roots,0.12057972
324,1,MS,roots,0.12041923
325,1,MS,roots,0.12017792
326,1,MS,roots,0.11927634
327,1,MS,roots,0.11793837
328,1,MS,roots,0.11643215
329,1,MS,roots,0.11475395
330,1,MS,roots,0.11286125
331,1,MS,roots,0.11068337
332,1,MS,roots,0.10860964
333,1,MS,roots,0.10651042
334,1,MS,roots,0.10521252
335,1,MS,roots,0.10529477
336,1,MS,roots,0.10738154
337,1,MS,roots,0.10964927
338,1,MS,roots,0.11273159
339,1,MS,roots,0.11704511
340,1,MS,roots,0.12017944
341,1,MS,roots,0.12070394
342,1,MS,roots,0.12075094
343,1,MS,roots,0.12130728
344,1,MS,roots,0.12210161
345,1,MS,roots,0.12181048
346,1,MS,roots,0.12060783
347,1,MS,roots,0.12040788
348,1,MS,roots,0.12047319
349,1,MS,roots,0.11960534
350,1,MS,roots,0.11765975
351,1,MS,roots,0.11610226
352,1,MS,roots,0.11486203
353,1,MS,roots,0.11221013
354,1,MS,roots,0.10810885
355,1,MS,roots,0.10466338
356,1,MS,roots,0.10193155
357,1,MS,roots,0.09891524
358,1,MS,roots,0.09983484
359,1,MS,roots,0.10641246
360,1,MS,roots,0.11539042
361,1,MS,roots,0.1234272
362,1,MS,roots,0.13219609
363,1,MS,roots,0.14096898
364,1,MS,roots,0.14521417
365,1,MS,roots,0.1447264
366,1,MS,roots,0.14275463
367,1,MS,roots,0.14144999
368,1,MS,roots,0.14173454
369,1,MS,roots,0.14140235
370,1,MS,roots,0.1412859
371,1,MS,roots,0.14113824
372,1,MS,roots,0.14101819
373,1,MS,roots,0.14142791
374,1,MS,roots,0.14171733
375,1,MS,roots,0.14254761
376,1,MS,roots,0.1435619
377,1,MS,roots,0.14372982
378,1,MS,roots,0.14359789
379,1,MS,roots,0.14257673
380,1,MS,roots,0.1411438
381,1,MS,roots,0.14020256
382,1,MS,roots,0.13976307
383,1,MS,roots,0.14033172
384,1,MS,roots,0.14226575
385,1,MS,roots,0.14652015
386,1,MS,roots,0.15302517
387,1,MS,roots,0.1571283
388,1,MS,roots,0.15840047
389,1,MS,roots,0.15748182
390,1,MS,roots,0.1570585
391,1,MS,roots,0.15252977
392,1,MS,roots,0.14859004
393,1,MS,roots,0.14437832
394,1,MS,roots,0.14121266
395,1,MS,roots,0.13977368
396,1,MS,roots,0.13798739
397,1,MS,roots,0.13552775
398,1,MS,roots,0.13239915
399,1,MS,roots,0.12965003
400,1,MS,roots,0.12855028
401,1,MS,roots,0.12858546
402,1,MS,roots,0.13008462
403,1,MS,roots,0.13278501
404,1,MS,roots,0.13509894
405,1,MS,roots,0.13816856
406,1,MS,roots,0.14202337
407,1,MS,roots,0.14743722
408,1,MS,roots,0.15539771
409,1,MS,roots,0.16086388
410,1,MS,roots,0.16229625
411,1,MS,roots,0.16300452
412,1,MS,roots,0.16387091
413,1,MS,roots,0.16253791
414,1,MS,roots,0.16006266
415,1,MS,roots,0.16005083
416,1,MS,roots,0.16150037
417,1,MS,roots,0.1634794
418,1,MS,roots,0.16508682
419,1,MS,roots,0.16645392
420,1,MS,roots,0.16770757
421,1,MS,roots,0.16925102
422,1,MS,roots,0.17186006
423,1,MS,roots,0.17518465
424,1,MS,roots,0.17880492
425,1,MS,roots,0.18310456
426,1,MS,roots,0.18673491
427,1,MS,roots,0.18694844
428,1,MS,roots,0.1856927
429,1,MS,roots,0.18432207
430,1,MS,roots,0.18483915
431,1,MS,roots,0.18713239
432,1,MS,roots,0.19051194
433,1,MS,roots,0.19714495
434,1,MS,roots,0.20442813
435,1,MS,roots,0.20854237
436,1,MS,roots,0.21057278
437,1,MS,roots,0.21042628
438,1,MS,roots,0.20933471
439,1,MS,roots,0.20728812
440,1,MS,roots,0.20631144
441,1,MS,roots,0.20491074
442,1,MS,roots,0.20237611
443,1,MS,roots,0.19914654
444,1,MS,roots,0.19518942
445,1,MS,roots,0.19210958
446,1,MS,roots,0.18797605
447,1,MS,roots,0.17950093
448,1,MS,roots,0.16981076
449,1,MS,roots,0.16177625
450,1,MS,roots,0.15455899
451,1,MS,roots,0.14757586
452,1,MS,roots,0.14121891
453,1,MS,roots,0.13619485
454,1,MS,roots,0.13882292
455,1,MS,roots,0.14882987
456,1,MS,roots,0.16374914
457,1,MS,roots,0.18489852
458,1,MS,roots,0.20859231
459,1,MS,roots,0.22918192
460,1,MS,roots,0.23945112
461,1,MS,roots,0.24150475
462,1,MS,roots,0.24088717
463,1,MS,roots,0.24105444
464,1,MS,roots,0.24076213
465,1,MS,roots,0.23852258
466,1,MS,roots,0.23430514
467,1,MS,roots,0.22999643
468,1,MS,roots,0.22368602
469,1,MS,roots,0.21650519
470,1,MS,roots,0.2100697
471,1,MS,roots,0.20467933
472,1,MS,roots,0.20110005
473,1,MS,roots,0.19699435
474,1,MS,roots,0.19059041
475,1,MS,roots,0.18498196
476,1,MS,roots,0.1811911
477,1,MS,roots,0.17816121
478,1,MS,roots,0.1813524
479,1,MS,roots,0.19580298
480,1,MS,roots,0.21753145
481,1,MS,roots,0.24332548
482,1,MS,roots,0.26815033
483,1,MS,roots,0.28784227
484,1,MS,roots,0.29663252
485,1,MS,roots,0.29682409
486,1,MS,roots,0.29417294
487,1,MS,roots,0.29273937
488,1,MS,roots,0.29044255
489,1,MS,roots,0.2893736
490,1,MS,roots,0.28665322
491,1,MS,roots,0.28292218
492,1,MS,roots,0.28002138
493,1,MS,roots,0.27729524
494,1,MS,roots,0.27368306
495,1,MS,roots,0.26812955
496,1,MS,roots,0.26519859
497,1,MS,roots,0.26330322
498,1,MS,roots,0.26230556
499,1,MS,roots,0.26049239
500,1,MS,roots,0.2575834
501,1,MS,roots,0.25500701
502,1,MS,roots,0.25264368
503,1,MS,roots,0.25015568
504,1,MS,roots,0.25096369
505,1,MS,roots,0.25391137
506,1,MS,roots,0.25299137
507,1,MS,roots,0.25355307
508,1,MS,roots,0.25318114
509,1,MS,roots,0.2465907
510,1,MS,roots,0.23632014
511,1,MS,roots,0.2317404
512,1,MS,roots,0.22965823
513,1,MS,roots,0.22730354
514,1,MS,roots,0.22505096
515,1,MS,roots,0.22321231
516,1,MS,roots,0.22191116
517,1,MS,roots,0.22043748
518,1,MS,roots,0.21872165
519,1,MS,roots,0.216258
520,1,MS,roots,0.21019182
521,1,MS,roots,0.20233283
522,1,MS,roots,0.19419552
523,1,MS,roots,0.18282712
524,1,MS,roots,0.17319578
525,1,MS,roots,0.16742036
526,1,MS,roots,0.16754297
527,1,MS,roots,0.17203855
528,1,MS,roots,0.18193102
529,1,MS,roots,0.18944134
530,1,MS,roots,0.19798615
531,1,MS,roots,0.20482162
532,1,MS,roots,0.20745343
533,1,MS,roots,0.20719
534,1,MS,roots,0.20495095
535,1,MS,roots,0.20193875
536,1,MS,roots,0.19994794
537,1,MS,roots,0.20133515
538,1,MS,roots,0.20016973
539,1,MS,roots,0.19630686
540,1,MS,roots,0.19606435
541,1,MS,roots,0.19503032
542,1,MS,roots,0.19441686
543,1,MS,roots,0.19290195
544,1,MS,roots,0.19019913
545,1,MS,roots,0.18724205
546,1,MS,roots,0.18421964
547,1,MS,roots,0.18129928
548,1,MS,roots,0.17754266
549,1,MS,roots,0.17308444
550,1,MS,roots,0.17007081
551,1,MS,roots,0.17052189
552,1,MS,roots,0.17727077
553,1,MS,roots,0.18658348
554,1,MS,roots,0.19451548
555,1,MS,roots,0.19961679
556,1,MS,roots,0.20373066
557,1,MS,roots,0.19703414
558,1,MS,roots,0.18938986
559,1,MS,roots,0.18207523
560,1,MS,roots,0.17552321
561,1,MS,roots,0.17053357
562,1,MS,roots,0.16704335
563,1,MS,roots,0.16597916
564,1,MS,roots,0.1668403
565,1,MS,roots,0.16851117
566,1,MS,roots,0.17095359
567,1,MS,roots,0.17249563
568,1,MS,roots,0.17268484
569,1,MS,roots,0.17287125
570,1,MS,roots,0.17241264
571,1,MS,roots,0.17110947
572,1,MS,roots,0.16990844
573,1,MS,roots,0.16730698
574,1,MS,roots,0.16442799
575,1,MS,roots,0.16473244
576,1,MS,roots,0.16643611
577,1,MS,roots,0.1707853
578,1,MS,roots,0.17505606
579,1,MS,roots,0.17615806
580,1,MS,roots,0.17595248
581,1,MS,roots,0.17454067
582,1,MS,roots,0.17341771
583,1,MS,roots,0.17405167
584,1,MS,roots,0.17395088
585,1,MS,roots,0.17250631
586,1,MS,roots,0.17129968
587,1,MS,roots,0.17112713
588,1,MS,roots,0.17061015
589,1,MS,roots,0.17011265
590,1,MS,roots,0.16970144
591,1,MS,roots,0.16911768
592,1,MS,roots,0.168531
593,1,MS,roots,0.167974
594,1,MS,roots,0.16725503
595,1,MS,roots,0.16645434
596,1,MS,roots,0.16547012
597,1,MS,roots,0.16465887
598,1,MS,roots,0.16481713
599,1,MS,roots,0.16604385
600,1,MS,roots,0.16817299
601,1,MS,roots,0.17178172
602,1,MS,roots,0.17652714
603,1,MS,roots,0.17978805
604,1,MS,roots,0.18257781
605,1,MS,roots,0.1848066
606,1,MS,roots,0.1864224
607,1,MS,roots,0.18739012
608,1,MS,roots,0.18798594
609,1,MS,roots,0.18832497
610,1,MS,roots,0.18849863
611,1,MS,roots,0.18892055
612,1,MS,roots,0.18934882
613,1,MS,roots,0.18920733
614,1,MS,roots,0.18888813
615,1,MS,roots,0.18839136
616,1,MS,roots,0.18767283
617,1,MS,roots,0.1868761
618,1,MS,roots,0.18594899
619,1,MS,roots,0.18493911
620,1,MS,roots,0.18400234
621,1,MS,roots,0.18373198
622,1,MS,roots,0.18474345
623,1,MS,roots,0.1861472
624,1,MS,roots,0.18802374
625,1,MS,roots,0.19047753
626,1,MS,roots,0.19323947
627,1,MS,roots,0.19586286
628,1,MS,roots,0.1982494
629,1,MS,roots,0.20030526
630,1,MS,roots,0.20212667
631,1,MS,roots,0.20350815
632,1,MS,roots,0.20483261
633,1,MS,roots,0.20588209
634,1,MS,roots,0.20676452
635,1,MS,roots,0.20744093
636,1,MS,roots,0.20798595
637,1,MS,roots,0.20829335
638,1,MS,roots,0.20844559
639,1,MS,roots,0.20831146
640,1,MS,roots,0.20822248
641,1,MS,roots,0.20791498
642,1,MS,roots,0.20750053
643,1,MS,roots,0.20706132
644,1,MS,roots,0.20652332
645,1,MS,roots,0.20677451
646,1,MS,roots,0.20756438
647,1,MS,roots,0.21072004
648,1,MS,roots,0.21327093
649,1,MS,roots,0.21810913
650,1,MS,roots,0.22278697
651,1,MS,roots,0.22685513
652,1,MS,roots,0.23037103
653,1,MS,roots,0.23482087
654,1,MS,roots,0.24230185
655,1,MS,roots,0.2543886
656,1,MS,roots,0.26420289
657,1,MS,roots,0.27225306
658,1,MS,roots,0.27949727
659,1,MS,roots,0.28617534
660,1,MS,roots,0.29171127
661,1,MS,roots,0.29829457
662,1,MS,roots,0.30513457
663,1,MS,roots,0.30554716
664,1,MS,roots,0.30309388
665,1,MS,roots,0.29909479
666,1,MS,roots,0.2945459
667,1,MS,roots,0.28501038
668,1,MS,roots,0.27820287
669,1,MS,roots,0.27332292
670,1,MS,roots,0.2775775
671,1,MS,roots,0.29689295
672,1,MS,roots,0.32323598
673,1,MS,roots,0.34659033
674,1,MS,roots,0.36431172
675,1,MS,roots,0.3742735
676,1,MS,roots,0.36823456
677,1,MS,roots,0.35704034
678,1,MS,roots,0.34191433
679,1,MS,roots,0.32946706
680,1,MS,roots,0.32390488
681,1,MS,roots,0.32298913
682,1,MS,roots,0.31993647
683,1,MS,roots,0.31775235
684,1,MS,roots,0.31536213
685,1,MS,roots,0.31473726
686,1,MS,roots,0.31481473
687,1,MS,roots,0.31526777
688,1,MS,roots,0.31765446
689,1,MS,roots,0.31691222
690,1,MS,roots,0.31217964
691,1,MS,roots,0.31359666
692,1,MS,roots,0.3100048
693,1,MS,roots,0.30848389
694,1,MS,roots,0.31342026
695,1,MS,roots,0.33026653
696,1,MS,roots,0.35632759
697,1,MS,roots,0.3847866
698,1,MS,roots,0.40986287
699,1,MS,roots,0.42365042
700,1,MS,roots,0.4246491
701,1,MS,roots,0.41662855
702,1,MS,roots,0.4100261
703,1,MS,roots,0.408879
704,1,MS,roots,0.40657719
705,1,MS,roots,0.40397985
706,1,MS,roots,0.40003671
707,1,MS,roots,0.39704802
708,1,MS,roots,0.39256621
709,1,MS,roots,0.38789859
710,1,MS,roots,0.38425812
711,1,MS,roots,0.38241674
712,1,MS,roots,0.38441964
713,1,MS,roots,0.38863401
714,1,MS,roots,0.39330671
715,1,MS,roots,0.39529038
716,1,MS,roots,0.39102051
717,1,MS,roots,0.38247846
718,1,MS,roots,0.37951422
719,1,MS,roots,0.38285127
720,1,MS,roots,0.39229316
721,1,MS,roots,0.40463805
722,1,MS,roots,0.40800087
723,1,MS,roots,0.40751773
724,1,MS,roots,0.40581018
725,1,MS,roots,0.40253217
726,1,MS,roots,0.39757128
727,1,MS,roots,0.39021425
728,1,MS,roots,0.382314
729,1,MS,roots,0.37705389
730,1,MS,roots,0.37360223
731,1,MS,roots,0.37034837
732,1,MS,roots,0.364954
733,1,MS,roots,0.3549095
734,1,MS,roots,0.34501482
735,1,MS,roots,0.33479737
736,1,MS,roots,0.32398802
737,1,MS,roots,0.31524149
738,1,MS,roots,0.30776145
739,1,MS,roots,0.2997268
740,1,MS,roots,0.29238256
741,1,MS,roots,0.28601464
742,1,MS,roots,0.28324407
743,1,MS,roots,0.28519505
744,1,MS,roots,0.29057026
745,1,MS,roots,0.29988114
746,1,MS,roots,0.31305261
747,1,MS,roots,0.3233645
748,1,MS,roots,0.32696818
749,1,MS,roots,0.32324982
750,1,MS,roots,0.31307627
751,1,MS,roots,0.30888681
752,1,MS,roots,0.29717897
753,1,MS,roots,0.28093884
754,1,MS,roots,0.26578407
755,1,MS,roots,0.25320571
756,1,MS,roots,0.24356341
757,1,MS,roots,0.23535845
758,1,MS,roots,0.22943917
759,1,MS,roots,0.22527642
760,1,MS,roots,0.22165531
761,1,MS,roots,0.2185724
762,1,MS,roots,0.21593357
763,1,MS,roots,0.21315434
764,1,MS,roots,0.21057975
765,1,MS,roots,0.20967226
766,1,MS,roots,0.21216866
767,1,MS,roots,0.22272029
768,1,MS,roots,0.25167548
769,1,MS,roots,0.2938198
770,1,MS,roots,0.33075735
771,1,MS,roots,0.3519175
772,1,MS,roots,0.3548371
773,1,MS,roots,0.34951776
774,1,MS,roots,0.34522587
775,1,MS,roots,0.34191817
776,1,MS,roots,0.33823253
777,1,MS,roots,0.33892964
778,1,MS,roots,0.34074546
779,1,MS,roots,0.34336615
780,1,MS,roots,0.34545302
781,1,MS,roots,0.34558516
782,1,MS,roots,0.34517826
783,1,MS,roots,0.34379978
784,1,MS,roots,0.34338269
785,1,MS,roots,0.33977682
786,1,MS,roots,0.33509443
787,1,MS,roots,0.33048039
788,1,MS,roots,0.32796596
789,1,MS,roots,0.33097608
790,1,MS,roots,0.33876974
791,1,MS,roots,0.34986209
792,1,MS,roots,0.36778729
793,1,MS,roots,0.38577597
794,1,MS,roots,0.40246092
795,1,MS,roots,0.41071232
796,1,MS,roots,0.41289023
797,1,MS,roots,0.41127474
798,1,MS,roots,0.40819061
799,1,MS,roots,0.4071566
800,1,MS,roots,0.40524739
801,1,MS,roots,0.40292894
802,1,MS,roots,0.40086656
803,1,MS,roots,0.39735622
804,1,MS,roots,0.39299196
805,1,MS,roots,0.38799587
806,1,MS,roots,0.38393852
807,1,MS,roots,0.38122321
808,1,MS,roots,0.38061832
809,1,MS,roots,0.38025252
810,1,MS,roots,0.37585729
811,1,MS,roots,0.36829711
812,1,MS,roots,0.35807903
813,1,MS,roots,0.34803747
814,1,MS,roots,0.34638257
815,1,MS,roots,0.35187162
816,1,MS,roots,0.36318496
817,1,MS,roots,0.37398914
818,1,MS,roots,0.38984443
819,1,MS,roots,0.40446586
820,1,MS,roots,0.40636532
821,1,MS,roots,0.40054593
822,1,MS,roots,0.39478878
823,1,MS,roots,0.3910173
824,1,MS,roots,0.38829833
825,1,MS,roots,0.38594741
826,1,MS,roots,0.3830916
827,1,MS,roots,0.37804564
828,1,MS,roots,0.37239604
829,1,MS,roots,0.36670883
830,1,MS,roots,0.36113788
831,1,MS,roots,0.35371229
832,1,MS,roots,0.3425999
833,1,MS,roots,0.33099992
834,1,MS,roots,0.32400139
835,1,MS,roots,0.31936059
836,1,MS,roots,0.3129893
837,1,MS,roots,0.30417586
838,1,MS,roots,0.30401994
839,1,MS,roots,0.30848392
840,1,MS,roots,0.31908734
841,1,MS,roots,0.34760055
842,1,MS,roots,0.3784061
843,1,MS,roots,0.39406576
844,1,MS,roots,0.39462224
845,1,MS,roots,0.38441685
846,1,MS,roots,0.36869114
847,1,MS,roots,0.35167762
848,1,MS,roots,0.33727275
849,1,MS,roots,0.32469098
850,1,MS,roots,0.31233087
851,1,MS,roots,0.3003132
852,1,MS,roots,0.28938313
853,1,MS,roots,0.28341828
854,1,MS,roots,0.28273908
855,1,MS,roots,0.28160707
856,1,MS,roots,0.28343041
857,1,MS,roots,0.28554438
858,1,MS,roots,0.2867304
859,1,MS,roots,0.28623374
860,1,MS,roots,0.28359621
861,1,MS,roots,0.28056996
862,1,MS,roots,0.28140948
863,1,MS,roots,0.28580704
864,1,MS,roots,0.29343355
865,1,MS,roots,0.30576751
866,1,MS,roots,0.31469834
867,1,MS,roots,0.31730005
868,1,MS,roots,0.31783783
869,1,MS,roots,0.31502764
870,1,MS,roots,0.30891612
871,1,MS,roots,0.30296861
872,1,MS,roots,0.29767283
873,1,MS,roots,0.29257638
874,1,MS,roots,0.28742464
875,1,MS,roots,0.28206422
876,1,MS,roots,0.27668296
877,1,MS,roots,0.27114081
878,1,MS,roots,0.26554111
879,1,MS,roots,0.25960938
880,1,MS,roots,0.25265907
881,1,MS,roots,0.24287062
882,1,MS,roots,0.23447519
883,1,MS,roots,0.22929122
884,1,MS,roots,0.22552026
885,1,MS,roots,0.2238203
886,1,MS,roots,0.22605969
887,1,MS,roots,0.23339902
888,1,MS,roots,0.24993905
889,1,MS,roots,0.2662036
890,1,MS,roots,0.2859535
891,1,MS,roots,0.29847272
892,1,MS,roots,0.29735336
893,1,MS,roots,0.29367203
894,1,MS,roots,0.28999597
895,1,MS,roots,0.28730173
896,1,MS,roots,0.28408505
897,1,MS,roots,0.28098802
898,1,MS,roots,0.27932747
899,1,MS,roots,0.27865667
900,1,MS,roots,0.27832932
901,1,MS,roots,0.27744268
902,1,MS,roots,0.27611878
903,1,MS,roots,0.27491383
904,1,MS,roots,0.27400414
905,1,MS,roots,0.27282077
906,1,MS,roots,0.27132855
907,1,MS,roots,0.26910037
908,1,MS,roots,0.26603818
909,1,MS,roots,0.26307356
910,1,MS,roots,0.26171669
911,1,MS,roots,0.26242024
912,1,MS,roots,0.26631996
913,1,MS,roots,0.27193789
914,1,MS,roots,0.27881942
915,1,MS,roots,0.2875468
916,1,MS,roots,0.29338692
917,1,MS,roots,0.2957006
918,1,MS,roots,0.29619831
919,1,MS,roots,0.29685696
920,1,MS,roots,0.29737225
921,1,MS,roots,0.29705485
922,1,MS,roots,0.29631698
923,1,MS,roots,0.29568777
924,1,MS,roots,0.29400966
925,1,MS,roots,0.29092916
926,1,MS,roots,0.28735146
927,1,MS,roots,0.28354132
928,1,MS,roots,0.27936381
929,1,MS,roots,0.27407598
930,1,MS,roots,0.26785107
931,1,MS,roots,0.26089787
932,1,MS,roots,0.25410299
933,1,MS,roots,0.24924862
934,1,MS,roots,0.25096582
935,1,MS,roots,0.25760537
936,1,MS,roots,0.26691561
937,1,MS,roots,0.28085578
938,1,MS,roots,0.29266853
939,1,MS,roots,0.30157186
940,1,MS,roots,0.30746429
941,1,MS,roots,0.31238928
942,1,MS,roots,0.31315181
943,1,MS,roots,0.31159742
944,1,MS,roots,0.30441144
945,1,MS,roots,0.29281514
946,1,MS,roots,0.28336127
947,1,MS,roots,0.27175533
948,1,MS,roots,0.26017016
949,1,MS,roots,0.2493213
950,1,MS,roots,0.2398479
951,1,MS,roots,0.23209499
952,1,MS,roots,0.22485754
953,1,MS,roots,0.21697197
954,1,MS,roots,0.20675372
955,1,MS,roots,0.20123759
956,1,MS,roots,0.1964107
957,1,MS,roots,0.19067776
958,1,MS,roots,0.19066504
959,1,MS,roots,0.19731795
960,1,MS,roots,0.21162512
961,1,MS,roots,0.23223209
962,1,MS,roots,0.25490757
963,1,MS,roots,0.27236585
964,1,MS,roots,0.28306208
965,1,MS,roots,0.2892095
966,1,MS,roots,0.29040689
967,1,MS,roots,0.2922543
968,1,MS,roots,0.2964022
969,1,MS,roots,0.30113451
970,1,MS,roots,0.30464717
971,1,MS,roots,0.30394949
972,1,MS,roots,0.29139312
973,1,MS,roots,0.28038552
974,1,MS,roots,0.2738856
975,1,MS,roots,0.26766014
976,1,MS,roots,0.26296626
977,1,MS,roots,0.25821801
978,1,MS,roots,0.25383981
979,1,MS,roots,0.24906946
980,1,MS,roots,0.24288483
981,1,MS,roots,0.23634571
982,1,MS,roots,0.23980656
983,1,MS,roots,0.25267329
984,1,MS,roots,0.26922968
985,1,MS,roots,0.28954193
986,1,MS,roots,0.31895523
987,1,MS,roots,0.3285733
988,1,MS,roots,0.3352014
989,1,MS,roots,0.33599562
990,1,MS,roots,0.33103199
991,1,MS,roots,0.32834497
992,1,MS,roots,0.32824034
993,1,MS,roots,0.33072763
994,1,MS,roots,0.33368059
995,1,MS,roots,0.33756857
996,1,MS,roots,0.34172555
997,1,MS,roots,0.34538467
998,1,MS,roots,0.34841224
999,1,MS,roots,0.35018133
1000,1,MS,roots,0.35041722
1001,1,MS,roots,0.35077162
1002,1,MS,roots,0.35165666
1003,1,MS,roots,0.35124431
1004,1,MS,roots,0.35041831
1005,1,MS,roots,0.34927614
1006,1,MS,roots,0.34866087
1007,1,MS,roots,0.35053895
1008,1,MS,roots,0.35054685
1009,1,MS,roots,0.34699715
1010,1,MS,roots,0.3421955
1011,1,MS,roots,0.33897455
1012,1,MS,roots,0.33420159
1013,1,MS,roots,0.32587518
1014,1,MS,roots,0.31053372
1015,1,MS,roots,0.29527026
1016,1,MS,roots,0.27989118
1017,1,MS,roots,0.26449188
1018,1,MS,roots,0.2493418
1019,1,MS,roots,0.23578564
1020,1,MS,roots,0.22444329
1021,1,MS,roots,0.21513633
1022,1,MS,roots,0.20722196
1023,1,MS,roots,0.20059823
1024,1,MS,roots,0.19766905
1025,1,MS,roots,0.19516098
1026,1,MS,roots,0.19001882
1027,1,MS,roots,0.18521072
1028,1,MS,roots,0.1812272
1029,1,MS,roots,0.17874764
1030,1,MS,roots,0.18387707
1031,1,MS,roots,0.19199696
1032,1,MS,roots,0.19879091
1033,1,MS,roots,0.21626386
1034,1,MS,roots,0.23633265
1035,1,MS,roots,0.24679185
1036,1,MS,roots,0.25256782
1037,1,MS,roots,0.2463376
1038,1,MS,roots,0.2346167
1039,1,MS,roots,0.22373286
1040,1,MS,roots,0.21846406
1041,1,MS,roots,0.2195154
1042,1,MS,roots,0.22074414
1043,1,MS,roots,0.22165694
1044,1,MS,roots,0.22265665
1045,1,MS,roots,0.22342391
1046,1,MS,roots,0.22374705
1047,1,MS,roots,0.22313991
1048,1,MS,roots,0.22151366
1049,1,MS,roots,0.21977453
1050,1,MS,roots,0.21805702
1051,1,MS,roots,0.21619406
1052,1,MS,roots,0.21462779
1053,1,MS,roots,0.1955435
1054,1,MS,roots,0.20149757
1055,1,MS,roots,0.21084328
1056,1,MS,roots,0.22320917
1057,1,MS,roots,0.26201339
1058,1,MS,roots,0.31635391
1059,1,MS,roots,0.35319757
1060,1,MS,roots,0.36862534
1061,1,MS,roots,0.36815133
1062,1,MS,roots,0.36985337
1063,1,MS,roots,0.3752821
1064,1,MS,roots,0.38056063
1065,1,MS,roots,0.38366878
1066,1,MS,roots,0.38479683
1067,1,MS,roots,0.38494098
1068,1,MS,roots,0.38438247
1069,1,MS,roots,0.38332985
1070,1,MS,roots,0.38175741
1071,1,MS,roots,0.38035782
1072,1,MS,roots,0.37863949
1073,1,MS,roots,0.37679594
1074,1,MS,roots,0.375321
1075,1,MS,roots,0.37302783
1076,1,MS,roots,0.37024504
1077,1,MS,roots,0.3688045
1078,1,MS,roots,0.37290141
1079,1,MS,roots,0.38170252
1080,1,MS,roots,0.39363548
1081,1,MS,roots,0.4075287
1082,1,MS,roots,0.42705921
1083,1,MS,roots,0.46323319
1084,1,MS,roots,0.48223045
1085,1,MS,roots,0.48435913
1086,1,MS,roots,0.4875632
1087,1,MS,roots,0.49239528
1088,1,MS,roots,0.49581778
1089,1,MS,roots,0.49731133
1090,1,MS,roots,0.497356
1091,1,MS,roots,0.49742217
1092,1,MS,roots,0.49695007
1093,1,MS,roots,0.49435853
1094,1,MS,roots,0.49095418
1095,1,MS,roots,0.48778853
1096,1,MS,roots,0.48563046
1097,1,MS,roots,0.48434555
1098,1,MS,roots,0.48322676
1099,1,MS,roots,0.4819031
1100,1,MS,roots,0.48037628
1101,1,MS,roots,0.4793744
1102,1,MS,roots,0.47969549
1103,1,MS,roots,0.48094455
1104,1,MS,roots,0.48271996
1105,1,MS,roots,0.48441085
1106,1,MS,roots,0.48605527
1107,1,MS,roots,0.49311063
1108,1,MS,roots,0.50989113
1109,1,MS,roots,0.52377153
1110,1,MS,roots,0.53523685
1111,1,MS,roots,0.54739123
1112,1,MS,roots,0.55652804
1113,1,MS,roots,0.56394636
1114,1,MS,roots,0.56971205
1115,1,MS,roots,0.57087708
1116,1,MS,roots,0.57018113
1117,1,MS,roots,0.56885772
1118,1,MS,roots,0.56615942
1119,1,MS,roots,0.56288493
1120,1,MS,roots,0.55961216
1121,1,MS,roots,0.55645417
1122,1,MS,roots,0.55402405
1123,1,MS,roots,0.55112424
1124,1,MS,roots,0.54784584
1125,1,MS,roots,0.54798701
1126,1,MS,roots,0.55645244
1127,1,MS,roots,0.57500253
1128,1,MS,roots,0.59932448
1129,1,MS,roots,0.62397754
1130,1,MS,roots,0.64439504
1131,1,MS,roots,0.64536874
1132,1,MS,roots,0.64545195
1133,1,MS,roots,0.63712073
1134,1,MS,roots,0.62536797
1135,1,MS,roots,0.61510574
1136,1,MS,roots,0.60445692
1137,1,MS,roots,0.59031052
1138,1,MS,roots,0.58065097
1139,1,MS,roots,0.57593161
1140,1,MS,roots,0.57128539
1141,1,MS,roots,0.56523389
1142,1,MS,roots,0.55266114
1143,1,MS,roots,0.52642423
1144,1,MS,roots,0.50582595
1145,1,MS,roots,0.4910913
1146,1,MS,roots,0.47713562
1147,1,MS,roots,0.46641572
1148,1,MS,roots,0.45544828
1149,1,MS,roots,0.45706579
1150,1,MS,roots,0.47287349
1151,1,MS,roots,0.49570881
1152,1,MS,roots,0.52998426
1153,1,MS,roots,0.56595152
1154,1,MS,roots,0.5961317
1155,1,MS,roots,0.63215217
1156,1,MS,roots,0.64534706
1157,1,MS,roots,0.63499397
1158,1,MS,roots,0.62186732
1159,1,MS,roots,0.61341829
1160,1,MS,roots,0.60751017
1161,1,MS,roots,0.60200122
1162,1,MS,roots,0.5962195
1163,1,MS,roots,0.59084021
1164,1,MS,roots,0.58455455
1165,1,MS,roots,0.57658266
1166,1,MS,roots,0.56850362
1167,1,MS,roots,0.56097428
1168,1,MS,roots,0.55429381
1169,1,MS,roots,0.5480394
1170,1,MS,roots,0.54105301
1171,1,MS,roots,0.53465334
1172,1,MS,roots,0.52865891
1173,1,MS,roots,0.52415232
1174,1,MS,roots,0.52272788
1175,1,MS,roots,0.52671692
1176,1,MS,roots,0.54135914
1177,1,MS,roots,0.5570587
1178,1,MS,roots,0.56722156
1179,1,MS,roots,0.56930094
1180,1,MS,roots,0.5678184
1181,1,MS,roots,0.55976662
1182,1,MS,roots,0.5494774
1183,1,MS,roots,0.54113499
1184,1,MS,roots,0.53393033
1185,1,MS,roots,0.52711312
1186,1,MS,roots,0.52070337
1187,1,MS,roots,0.5149974
1188,1,MS,roots,0.50883258
1189,1,MS,roots,0.50217645
1190,1,MS,roots,0.49218711
1191,1,MS,roots,0.47812652
1192,1,MS,roots,0.46187459
1193,1,MS,roots,0.43471222
1194,1,MS,roots,0.41442282
1195,1,MS,roots,0.40002852
1196,1,MS,roots,0.38619728
1197,1,MS,roots,0.38072331
1198,1,MS,roots,0.38955429
1199,1,MS,roots,0.39930167
1200,1,MS,roots,0.40338322
1201,1,MS,roots,0.41597729
1202,1,MS,roots,0.43863439
1203,1,MS,roots,0.45650221
1204,1,MS,roots,0.45085382
1205,1,MS,roots,0.44614303
1206,1,MS,roots,0.4379809
1207,1,MS,roots,0.43148848
1208,1,MS,roots,0.42496872
1209,1,MS,roots,0.41392337
1210,1,MS,roots,0.40003175
1211,1,MS,roots,0.38780658
1212,1,MS,roots,0.38823607
1213,1,MS,roots,0.37918181
1214,1,MS,roots,0.37398909
1215,1,MS,roots,0.36929681
1216,1,MS,roots,0.36097555
1217,1,MS,roots,0.36106219
1218,1,MS,roots,0.36093342
1219,1,MS,roots,0.35708072
1220,1,MS,roots,0.35148545
1221,1,MS,roots,0.34775602
1222,1,MS,roots,0.35234165
1223,1,MS,roots,0.36644043
1224,1,MS,roots,0.38476658
1225,1,MS,roots,0.39720565
1226,1,MS,roots,0.4141032
1227,1,MS,roots,0.4219844
1228,1,MS,roots,0.42195522
1229,1,MS,roots,0.41476155
1230,1,MS,roots,0.40580525
1231,1,MS,roots,0.39785928
1232,1,MS,roots,0.39008676
1233,1,MS,roots,0.38632815
1234,1,MS,roots,0.38383756
1235,1,MS,roots,0.37963112
1236,1,MS,roots,0.37601287
1237,1,MS,roots,0.37296263
1238,1,MS,roots,0.37032214
1239,1,MS,roots,0.37008347
1240,1,MS,roots,0.35483591
1241,1,MS,roots,0.33998587
1242,1,MS,roots,0.33371543
1243,1,MS,roots,0.32520738
1244,1,MS,roots,0.3124725
1245,1,MS,roots,0.30324636
1246,1,MS,roots,0.31272913
1247,1,MS,roots,0.33739007
1248,1,MS,roots,0.36478751
1249,1,MS,roots,0.37522136
1250,1,MS,roots,0.39797003
1251,1,MS,roots,0.40772273
1252,1,MS,roots,0.40856479
1253,1,MS,roots,0.39455129
1254,1,MS,roots,0.37223231
1255,1,MS,roots,0.35668046
1256,1,MS,roots,0.35848085
1257,1,MS,roots,0.36068529
1258,1,MS,roots,0.36234714
1259,1,MS,roots,0.36228812
1260,1,MS,roots,0.36179746
1261,1,MS,roots,0.36104454
1262,1,MS,roots,0.35900514
1263,1,MS,roots,0.35599173
1264,1,MS,roots,0.35241823
1265,1,MS,roots,0.34975262
1266,1,MS,roots,0.34674167
1267,1,MS,roots,0.34409168
1268,1,MS,roots,0.34233173
1269,1,MS,roots,0.3433186
1270,1,MS,roots,0.34672416
1271,1,MS,roots,0.35164504
1272,1,MS,roots,0.35709865
1273,1,MS,roots,0.36304501
1274,1,MS,roots,0.3685445
1275,1,MS,roots,0.37419845
1276,1,MS,roots,0.37969345
1277,1,MS,roots,0.38440924
1278,1,MS,roots,0.38853221
1279,1,MS,roots,0.39232898
1280,1,MS,roots,0.39527629
1281,1,MS,roots,0.39726013
1282,1,MS,roots,0.39841844
1283,1,MS,roots,0.39951224
1284,1,MS,roots,0.39962569
1285,1,MS,roots,0.39928614
1286,1,MS,roots,0.39866371
1287,1,MS,roots,0.3977506
1288,1,MS,roots,0.39650427
1289,1,MS,roots,0.39501511
1290,1,MS,roots,0.39368444
1291,1,MS,roots,0.39199567
1292,1,MS,roots,0.39004306
1293,1,MS,roots,0.38993691
1294,1,MS,roots,0.39303483
1295,1,MS,roots,0.40138385
1296,1,MS,roots,0.40390747
1297,1,MS,roots,0.44183572
1298,1,MS,roots,0.49318627
1299,1,MS,roots,0.53529086
1300,1,MS,roots,0.53272569
1301,1,MS,roots,0.50845753
1302,1,MS,roots,0.48500132
1303,1,MS,roots,0.46574983
1304,1,MS,roots,0.46152948
1305,1,MS,roots,0.46027564
1306,1,MS,roots,0.45966521
1307,1,MS,roots,0.4591193
1308,1,MS,roots,0.45845622
1309,1,MS,roots,0.45750038
1310,1,MS,roots,0.45500453
1311,1,MS,roots,0.45097068
1312,1,MS,roots,0.4467991
1313,1,MS,roots,0.44294717
1314,1,MS,roots,0.44078506
1315,1,MS,roots,0.43715783
1316,1,MS,roots,0.43366304
1317,1,MS,roots,0.43442411
1318,1,MS,roots,0.44024744
1319,1,MS,roots,0.45112489
1320,1,MS,roots,0.46466089
1321,1,MS,roots,0.47412784
1322,1,MS,roots,0.4869824
1323,1,MS,roots,0.50048402
1324,1,MS,roots,0.520399
1325,1,MS,roots,0.53343257
1326,1,MS,roots,0.53534572
1327,1,MS,roots,0.53563054
1328,1,MS,roots,0.5373082
1329,1,MS,roots,0.53913321
1330,1,MS,roots,0.54021372
1331,1,MS,roots,0.54079789
1332,1,MS,roots,0.5396448
1333,1,MS,roots,0.53837064
1334,1,MS,roots,0.53692754
1335,1,MS,roots,0.53573049
1336,1,MS,roots,0.53376987
1337,1,MS,roots,0.53177626
1338,1,MS,roots,0.52966689
1339,1,MS,roots,0.5264091
1340,1,MS,roots,0.52391893
1341,1,MS,roots,0.52501458
1342,1,MS,roots,0.52867762
1343,1,MS,roots,0.53687542
1344,1,MS,roots,0.55199408
1345,1,MS,roots,0.59673653
1346,1,MS,roots,0.67108209
1347,1,MS,roots,0.71704973
1348,1,MS,roots,0.74377642
1349,1,MS,roots,0.70876
1350,1,MS,roots,0.6630898
1351,1,MS,roots,0.63327847
1352,1,MS,roots,0.62696767
1353,1,MS,roots,0.62244273
1354,1,MS,roots,0.61822726
1355,1,MS,roots,0.61284002
1356,1,MS,roots,0.60612502
1357,1,MS,roots,0.5985245
1358,1,MS,roots,0.59059646
1359,1,MS,roots,0.58352722
1360,1,MS,roots,0.57735734
1361,1,MS,roots,0.57107237
1362,1,MS,roots,0.56400416
1363,1,MS,roots,0.55901145
1364,1,MS,roots,0.55718018
1365,1,MS,roots,0.56297229
1366,1,MS,roots,0.57909154
1367,1,MS,roots,0.60348909
1368,1,MS,roots,0.63496606
1369,1,MS,roots,0.66839779
1370,1,MS,roots,0.72888782
1371,1,MS,roots,0.84219369
1372,1,MS,roots,0.87677247
1373,1,MS,roots,0.83524799
1374,1,MS,roots,0.7961556
1375,1,MS,roots,0.7892836
1376,1,MS,roots,0.78522102
1377,1,MS,roots,0.78127828
1378,1,MS,roots,0.77662595
1379,1,MS,roots,0.77012274
1380,1,MS,roots,0.76242864
1381,1,MS,roots,0.75518145
1382,1,MS,roots,0.74785446
1383,1,MS,roots,0.73938656
1384,1,MS,roots,0.72871991
1385,1,MS,roots,0.72257541
1386,1,MS,roots,0.71918582
1387,1,MS,roots,0.71573483
1388,1,MS,roots,0.71353979
1389,1,MS,roots,0.7178388
1390,1,MS,roots,0.72958405
1391,1,MS,roots,0.74581938
1392,1,MS,roots,0.76238886
1393,1,MS,roots,0.78295549
1394,1,MS,roots,0.8117211
1395,1,MS,roots,0.85753907
1396,1,MS,roots,0.87656099
1397,1,MS,roots,0.85602233
1398,1,MS,roots,0.85388185
1399,1,MS,roots,0.85282744
1400,1,MS,roots,0.84971247
1401,1,MS,roots,0.84425714
1402,1,MS,roots,0.83759355
1403,1,MS,roots,0.82851413
1404,1,MS,roots,0.81940511
1405,1,MS,roots,0.81483814
1406,1,MS,roots,0.80918207
1407,1,MS,roots,0.80523926
1408,1,MS,roots,0.80116287
1409,1,MS,roots,0.79710713
1410,1,MS,roots,0.79300487
1411,1,MS,roots,0.78888145
1412,1,MS,roots,0.78548863
1413,1,MS,roots,0.78400283
1414,1,MS,roots,0.78456279
1415,1,MS,roots,0.78936545
1416,1,MS,roots,0.8098074
1417,1,MS,roots,0.83839162
1418,1,MS,roots,0.88541602
1419,1,MS,roots,1.01554832
1420,1,MS,roots,1.04775664
1421,1,MS,roots,0.98317339
1422,1,MS,roots,0.92320633
1423,1,MS,roots,0.91316634
1424,1,MS,roots,0.90845637
1425,1,MS,roots,0.9047409
1426,1,MS,roots,0.90102014
1427,1,MS,roots,0.89308543
1428,1,MS,roots,0.88841743
1429,1,MS,roots,0.88526908
1430,1,MS,roots,0.88660161
1431,1,MS,roots,0.89223363
1432,1,MS,roots,0.90352053
1433,1,MS,roots,0.91340089
1434,1,MS,roots,0.92390972
1435,1,MS,roots,0.92918433
1436,1,MS,roots,0.93499508
1437,1,MS,roots,0.96651478
1438,1,MS,roots,1.03659282
1439,1,MS,roots,1.11538659
1440,1,MS,roots,1.22966098
1441,1,MS,roots,1.40911187
1442,1,MS,roots,1.43922036
1443,1,MS,roots,1.4219901
1444,1,MS,roots,1.38766271
1445,1,MS,roots,1.31415478
1446,1,MS,roots,1.25522961
1447,1,MS,roots,1.23277551
1448,1,MS,roots,1.23307785
1449,1,MS,roots,1.18711234
1450,1,MS,roots,1.18710541
1451,1,MS,roots,1.15356912
1452,1,MS,roots,1.08964664
1453,1,MS,roots,1.09028578
1454,1,MS,roots,1.06024105
1455,1,MS,roots,1.10250953
1456,1,MS,roots,1.12410618
1457,1,MS,roots,1.12420242
1458,1,MS,roots,1.1566556
1459,1,MS,roots,1.12378893
1460,1,MS,roots,1.16690098
1461,1,MS,roots,1.20187954
1462,1,MS,roots,1.23870342
1463,1,MS,roots,1.30618167
1464,1,MS,roots,1.24457177
1465,1,MS,roots,1.58785308
1466,1,MS,roots,1.56970589
1467,1,MS,roots,1.66419104
1468,1,MS,roots,1.55488072
1469,1,MS,roots,1.36829585
1470,1,MS,roots,1.24220908
1471,1,MS,roots,1.08238091
1472,1,MS,roots,1.01709553
1473,1,MS,roots,1.08165825
1474,1,MS,roots,1.12703251
1475,1,MS,roots,1.09786902
1476,1,MS,roots,1.00959017
1477,1,MS,roots,1.01228461
1478,1,MS,roots,1.02460896
1479,1,MS,roots,1.07717263
1480,1,MS,roots,1.02882486
1481,1,MS,roots,1.04062102
1482,1,MS,roots,1.08253197
1483,1,MS,roots,1.07344243
1484,1,MS,roots,1.10894652
1485,1,MS,roots,1.16673069
1486,1,MS,roots,1.27352622
1487,1,MS,roots,1.03860051
1488,1,MS,roots,1.25108661
1489,1,MS,roots,1.18769512
1490,1,MS,roots,1.32377649
1491,1,MS,roots,1.31859465
1492,1,MS,roots,1.35268389
1493,1,MS,roots,1.34160279
1494,1,MS,roots,1.27457591
1495,1,MS,roots,1.20889195
1496,1,MS,roots,1.17833403
1497,1,MS,roots,1.26201255
1498,1,MS,roots,1.31152252
1499,1,MS,roots,1.14827726
1500,1,MS,roots,1.14887173
1501,1,MS,roots,1.14976144
1502,1,MS,roots,1.15350781
1503,1,MS,roots,1.15834521
1504,1,MS,roots,1.16460718
1505,1,MS,roots,1.16944352
1506,1,MS,roots,1.17714499
1507,1,MS,roots,1.18454527
1508,1,MS,roots,1.19037293
1509,1,MS,roots,1.20175645
1510,1,MS,roots,1.22586353
1511,1,MS,roots,1.25190278
1512,1,MS,roots,1.28912877
1513,1,MS,roots,1.33182516
1514,1,MS,roots,1.37582271
1515,1,MS,roots,1.42649514
1516,1,MS,roots,1.44918521
1517,1,MS,roots,1.45771513
1518,1,MS,roots,1.4582817
1519,1,MS,roots,1.45458239
1520,1,MS,roots,1.44892035
1521,1,MS,roots,1.44353426
1522,1,MS,roots,1.43869091
1523,1,MS,roots,1.43170833
1524,1,MS,roots,1.42338763
1525,1,MS,roots,1.41689235
1526,1,MS,roots,1.41105657
1527,1,MS,roots,1.40541762
1528,1,MS,roots,1.39811329
1529,1,MS,roots,1.39016891
1530,1,MS,roots,1.38173865
1531,1,MS,roots,1.37450244
1532,1,MS,roots,1.36861122
1533,1,MS,roots,1.36647261
1534,1,MS,roots,1.37419995
1535,1,MS,roots,1.38857505
1536,1,MS,roots,1.40218996
1537,1,MS,roots,1.41511836
1538,1,MS,roots,1.43205937
1539,1,MS,roots,1.43298743
1540,1,MS,roots,1.42823662
1541,1,MS,roots,1.41885649
1542,1,MS,roots,1.40452908
1543,1,MS,roots,1.38905953
1544,1,MS,roots,1.37488031
1545,1,MS,roots,1.3603247
1546,1,MS,roots,1.34914047
1547,1,MS,roots,1.33695735
1548,1,MS,roots,1.32553882
1549,1,MS,roots,1.31248861
1550,1,MS,roots,1.30029984
1551,1,MS,roots,1.28704361
1552,1,MS,roots,1.27371721
1553,1,MS,roots,1.26096139
1554,1,MS,roots,1.24874508
1555,1,MS,roots,1.23538746
1556,1,MS,roots,1.22360749
1557,1,MS,roots,1.21516168
1558,1,MS,roots,1.21564744
1559,1,MS,roots,1.22359357
1560,1,MS,roots,1.26373621
1561,1,MS,roots,1.31187017
1562,1,MS,roots,1.35425058
1563,1,MS,roots,1.3866968
1564,1,MS,roots,1.4215958
1565,1,MS,roots,1.42064648
1566,1,MS,roots,1.40497936
1567,1,MS,roots,1.38246729
1568,1,MS,roots,1.35811903
1569,1,MS,roots,1.33192608
1570,1,MS,roots,1.30487933
1571,1,MS,roots,1.27889277
1572,1,MS,roots,1.25388249
1573,1,MS,roots,1.23051466
1574,1,MS,roots,1.20801342
1575,1,MS,roots,1.18908711
1576,1,MS,roots,1.17248262
1577,1,MS,roots,1.15727279
1578,1,MS,roots,1.14202337
1579,1,MS,roots,1.12518547
1580,1,MS,roots,1.11124957
1581,1,MS,roots,1.10118468
1582,1,MS,roots,1.09510659
1583,1,MS,roots,1.09485014
1584,1,MS,roots,1.09654834
1585,1,MS,roots,1.09684511
1586,1,MS,roots,1.09453566
1587,1,MS,roots,1.086627
1588,1,MS,roots,1.07657522
1589,1,MS,roots,1.06140525
1590,1,MS,roots,1.04509831
1591,1,MS,roots,1.02726254
1592,1,MS,roots,1.00724132
1593,1,MS,roots,0.99107344
1594,1,MS,roots,0.97086502
1595,1,MS,roots,0.95242781
1596,1,MS,roots,0.93686221
1597,1,MS,roots,0.9229266
1598,1,MS,roots,0.9102467
1599,1,MS,roots,0.89718684
1600,1,MS,roots,0.88611084
1601,1,MS,roots,0.8720086
1602,1,MS,roots,0.85955933
1603,1,MS,roots,0.84724162
1604,1,MS,roots,0.83791651
1605,1,MS,roots,0.842746
1606,1,MS,roots,0.86600524
1607,1,MS,roots,0.89234196
1608,1,MS,roots,0.92103564
1609,1,MS,roots,0.95506794
1610,1,MS,roots,0.97805209
1611,1,MS,roots,0.98870919
1612,1,MS,roots,1.00636016
1613,1,MS,roots,1.01831849
1614,1,MS,roots,1.01805065
1615,1,MS,roots,1.01209466
1616,1,MS,roots,0.99945972
1617,1,MS,roots,0.98352615
1618,1,MS,roots,0.96432008
1619,1,MS,roots,0.94383272
1620,1,MS,roots,0.92458389
1621,1,MS,roots,0.90794172
1622,1,MS,roots,0.89546661
1623,1,MS,roots,0.88527163
1624,1,MS,roots,0.87865314
1625,1,MS,roots,0.87680127
1626,1,MS,roots,0.87475552
1627,1,MS,roots,0.87500473
1628,1,MS,roots,0.8782348
1629,1,MS,roots,0.89088372
1630,1,MS,roots,0.9104712
1631,1,MS,roots,0.93458753
1632,1,MS,roots,0.96701692
1633,1,MS,roots,1.00742441
1634,1,MS,roots,1.0528637
1635,1,MS,roots,1.09128277
1636,1,MS,roots,1.12577056
1637,1,MS,roots,1.14909972
1638,1,MS,roots,1.15418487
1639,1,MS,roots,1.15260326
1640,1,MS,roots,1.1461269
1641,1,MS,roots,1.13891426
1642,1,MS,roots,1.13265199
1643,1,MS,roots,1.12641881
1644,1,MS,roots,1.11870767
1645,1,MS,roots,1.11163695
1646,1,MS,roots,1.10660952
1647,1,MS,roots,1.10259867
1648,1,MS,roots,1.09980464
1649,1,MS,roots,1.10051462
1650,1,MS,roots,1.10324927
1651,1,MS,roots,1.10654775
1652,1,MS,roots,1.11208092
1653,1,MS,roots,1.11709621
1654,1,MS,roots,1.12226035
1655,1,MS,roots,1.12787701
1656,1,MS,roots,1.1321209
1657,1,MS,roots,1.14049229
1658,1,MS,roots,1.14806619
1659,1,MS,roots,1.1514262
1660,1,MS,roots,1.14962251
1661,1,MS,roots,1.14352348
1662,1,MS,roots,1.12997159
1663,1,MS,roots,1.1151724
1664,1,MS,roots,1.1018831
1665,1,MS,roots,1.08857806
1666,1,MS,roots,1.07394583
1667,1,MS,roots,1.05729595
1668,1,MS,roots,1.03778536
1669,1,MS,roots,1.02391718
1670,1,MS,roots,1.01273844
1671,1,MS,roots,1.00880527
1672,1,MS,roots,1.00792628
1673,1,MS,roots,1.01237362
1674,1,MS,roots,1.01873662
1675,1,MS,roots,1.0229447
1676,1,MS,roots,1.03333352
1677,1,MS,roots,1.05534563
1678,1,MS,roots,1.09689998
1679,1,MS,roots,1.14526489
1680,1,MS,roots,1.20698613
1681,1,MS,roots,1.27393363
1682,1,MS,roots,1.33596859
1683,1,MS,roots,1.38602804
1684,1,MS,roots,1.42378039
1685,1,MS,roots,1.44044759
1686,1,MS,roots,1.44468995
1687,1,MS,roots,1.4374456
1688,1,MS,roots,1.42628247
1689,1,MS,roots,1.41334152
1690,1,MS,roots,1.39803032
1691,1,MS,roots,1.38033432
1692,1,MS,roots,1.36141748
1693,1,MS,roots,1.3430159
1694,1,MS,roots,1.32756288
1695,1,MS,roots,1.32194514
1696,1,MS,roots,1.32285774
1697,1,MS,roots,1.32808783
1698,1,MS,roots,1.33698407
1699,1,MS,roots,1.35127402
1700,1,MS,roots,1.36505416
1701,1,MS,roots,1.38030497
1702,1,MS,roots,1.38804432
1703,1,MS,roots,1.40198348
1704,1,MS,roots,1.41733285
1705,1,MS,roots,1.44413907
1706,1,MS,roots,1.47700996
1707,1,MS,roots,1.50296414
1708,1,MS,roots,1.51844442
1709,1,MS,roots,1.52152073
1710,1,MS,roots,1.51363176
1711,1,MS,roots,1.50464943
1712,1,MS,roots,1.49625108
1713,1,MS,roots,1.48801105
1714,1,MS,roots,1.4813666
1715,1,MS,roots,1.47296257
1716,1,MS,roots,1.46423274
1717,1,MS,roots,1.45882266
1718,1,MS,roots,1.45854985
1719,1,MS,roots,1.46468544
1720,1,MS,roots,1.47486316
1721,1,MS,roots,1.49378378
1722,1,MS,roots,1.51061313
1723,1,MS,roots,1.52676423
1724,1,MS,roots,1.54290401
1725,1,MS,roots,1.56547051
1726,1,MS,roots,1.62356316
1727,1,MS,roots,1.68950465
1728,1,MS,roots,1.77181697
1729,1,MS,roots,1.84043769
1730,1,MS,roots,1.87611654
1731,1,MS,roots,1.88288747
1732,1,MS,roots,1.87004261
1733,1,MS,roots,1.85453172
1734,1,MS,roots,1.83632124
1735,1,MS,roots,1.81913244
1736,1,MS,roots,1.80248475
1737,1,MS,roots,1.78020497
1738,1,MS,roots,1.75509971
1739,1,MS,roots,1.728692
1740,1,MS,roots,1.70379933
1741,1,MS,roots,1.68822338
1742,1,MS,roots,1.68037987
1743,1,MS,roots,1.67777906
1744,1,MS,roots,1.6818487
1745,1,MS,roots,1.68934097
1746,1,MS,roots,1.69714828
1747,1,MS,roots,1.70687223
1748,1,MS,roots,1.72873621
1749,1,MS,roots,1.77446888
1750,1,MS,roots,1.8353048
1751,1,MS,roots,1.90605518
1752,1,MS,roots,1.96244343
1753,1,MS,roots,2.02805362
1754,1,MS,roots,2.07134454
1755,1,MS,roots,2.1180451
1756,1,MS,roots,2.14745432
1757,1,MS,roots,2.16559074
1758,1,MS,roots,2.1685231
1759,1,MS,roots,2.16292922
1760,1,MS,roots,2.1525094
1761,1,MS,roots,2.14031582
1762,1,MS,roots,2.12947084
1763,1,MS,roots,2.11871133
1764,1,MS,roots,2.11413751
1765,1,MS,roots,2.1112954
1766,1,MS,roots,2.11057583
1767,1,MS,roots,2.11443645
1768,1,MS,roots,2.12149738
1769,1,MS,roots,2.127296
1770,1,MS,roots,2.13920173
1771,1,MS,roots,2.15485417
1772,1,MS,roots,2.17167088
1773,1,MS,roots,2.1944679
1774,1,MS,roots,2.21868251
1775,1,MS,roots,2.24301357
1776,1,MS,roots,2.26009142
1777,1,MS,roots,2.27116219
1778,1,MS,roots,2.27725289
1779,1,MS,roots,2.27886952
1780,1,MS,roots,2.27179738
1781,1,MS,roots,2.25239042
1782,1,MS,roots,2.22969052
1783,1,MS,roots,2.20403655
1784,1,MS,roots,2.17981833
1785,1,MS,roots,2.15884614
1786,1,MS,roots,2.13850453
1787,1,MS,roots,2.11782019
1788,1,MS,roots,2.0991809
1789,1,MS,roots,2.08423481
1790,1,MS,roots,2.06534984
1791,1,MS,roots,2.05021404
1792,1,MS,roots,2.03999956
1793,1,MS,roots,2.02945279
1794,1,MS,roots,2.01616336
1795,1,MS,roots,2.00051327
1796,1,MS,roots,1.98840722
1797,1,MS,roots,1.98675512
1798,1,MS,roots,2.00435903
1799,1,MS,roots,2.08324038
1800,1,MS,roots,2.15284915
1801,1,MS,roots,2.19773088
1802,1,MS,roots,2.22586764
1803,1,MS,roots,2.24482463
1804,1,MS,roots,2.24891674
1805,1,MS,roots,2.2430154
1806,1,MS,roots,2.21655901
1807,1,MS,roots,2.18227193
1808,1,MS,roots,2.13466038
1809,1,MS,roots,2.08054411
1810,1,MS,roots,2.01757514
1811,1,MS,roots,1.9565991
1812,1,MS,roots,1.89307266
1813,1,MS,roots,1.83526549
1814,1,MS,roots,1.78478419
1815,1,MS,roots,1.7379845
1816,1,MS,roots,1.69627494
1817,1,MS,roots,1.64828085
1818,1,MS,roots,1.59578487
1819,1,MS,roots,1.55152673
1820,1,MS,roots,1.51366283
1821,1,MS,roots,1.49180838
1822,1,MS,roots,1.482801
1823,1,MS,roots,1.4837522
1824,1,MS,roots,1.47591088
1825,1,MS,roots,1.46700657
1826,1,MS,roots,1.48675504
1827,1,MS,roots,1.51700899
1828,1,MS,roots,1.53777719
1829,1,MS,roots,1.54700184
1830,1,MS,roots,1.54059422
1831,1,MS,roots,1.52134973
1832,1,MS,roots,1.49404756
1833,1,MS,roots,1.46241356
1834,1,MS,roots,1.42835432
1835,1,MS,roots,1.39216827
1836,1,MS,roots,1.35660587
1837,1,MS,roots,1.32338849
1838,1,MS,roots,1.29150123
1839,1,MS,roots,1.26178362
1840,1,MS,roots,1.23322634
1841,1,MS,roots,1.21050838
1842,1,MS,roots,1.19441519
1843,1,MS,roots,1.17515573
1844,1,MS,roots,1.15328558
1845,1,MS,roots,1.13802452
1846,1,MS,roots,1.13525796
1847,1,MS,roots,1.14285992
1848,1,MS,roots,1.17047779
1849,1,MS,roots,1.21749649
1850,1,MS,roots,1.26462047
1851,1,MS,roots,1.30580055
1852,1,MS,roots,1.33784924
1853,1,MS,roots,1.35985525
1854,1,MS,roots,1.36976544
1855,1,MS,roots,1.37005959
1856,1,MS,roots,1.36385908
1857,1,MS,roots,1.35384012
1858,1,MS,roots,1.34116694
1859,1,MS,roots,1.32373571
1860,1,MS,roots,1.30401588
1861,1,MS,roots,1.28420991
1862,1,MS,roots,1.26835317
1863,1,MS,roots,1.25501108
1864,1,MS,roots,1.24091236
1865,1,MS,roots,1.22723431
1866,1,MS,roots,1.20782405
1867,1,MS,roots,1.19141154
1868,1,MS,roots,1.17269174
1869,1,MS,roots,1.16605016
1870,1,MS,roots,1.17806643
1871,1,MS,roots,1.19768138
1872,1,MS,roots,1.22512233
1873,1,MS,roots,1.24878246
1874,1,MS,roots,1.27037387
1875,1,MS,roots,1.28223194
1876,1,MS,roots,1.29269599
1877,1,MS,roots,1.3027581
1878,1,MS,roots,1.30230506
1879,1,MS,roots,1.29717629
1880,1,MS,roots,1.28868983
1881,1,MS,roots,1.2775041
1882,1,MS,roots,1.26332314
1883,1,MS,roots,1.24742686
1884,1,MS,roots,1.22992488
1885,1,MS,roots,1.21384612
1886,1,MS,roots,1.20415757
1887,1,MS,roots,1.19663077
1888,1,MS,roots,1.18864026
1889,1,MS,roots,1.18293662
1890,1,MS,roots,1.17925143
1891,1,MS,roots,1.17222292
1892,1,MS,roots,1.16616473
1893,1,MS,roots,1.17491971
1894,1,MS,roots,1.18912108
1895,1,MS,roots,1.21213758
1896,1,MS,roots,1.24301747
1897,1,MS,roots,1.28455674
1898,1,MS,roots,1.32366685
1899,1,MS,roots,1.36108938
1900,1,MS,roots,1.39222009
1901,1,MS,roots,1.41954331
1902,1,MS,roots,1.43194358
1903,1,MS,roots,1.43340063
1904,1,MS,roots,1.43013774
1905,1,MS,roots,1.4234524
1906,1,MS,roots,1.41484104
1907,1,MS,roots,1.40303835
1908,1,MS,roots,1.39136309
1909,1,MS,roots,1.38411072
1910,1,MS,roots,1.38121349
1911,1,MS,roots,1.38133213
1912,1,MS,roots,1.38125686
1913,1,MS,roots,1.38569066
1914,1,MS,roots,1.39197581
1915,1,MS,roots,1.40256699
1916,1,MS,roots,1.40192145
1917,1,MS,roots,1.40702997
1918,1,MS,roots,1.41632256
1919,1,MS,roots,1.42714534
1920,1,MS,roots,1.44632005
1921,1,MS,roots,1.47305386
1922,1,MS,roots,1.50180188
1923,1,MS,roots,1.52185742
1924,1,MS,roots,1.53847542
1925,1,MS,roots,1.55310865
1926,1,MS,roots,1.55473667
1927,1,MS,roots,1.55017214
1928,1,MS,roots,1.54523531
1929,1,MS,roots,1.54254895
1930,1,MS,roots,1.54027996
1931,1,MS,roots,1.53567551
1932,1,MS,roots,1.53087407
1933,1,MS,roots,1.52854569
1934,1,MS,roots,1.52637236
1935,1,MS,roots,1.52487232
1936,1,MS,roots,1.51832941
1937,1,MS,roots,1.51352032
1938,1,MS,roots,1.51119488
1939,1,MS,roots,1.51522668
1940,1,MS,roots,1.52675524
1941,1,MS,roots,1.54157218
1942,1,MS,roots,1.56076793
1943,1,MS,roots,1.58130777
1944,1,MS,roots,1.60073577
1945,1,MS,roots,1.62179043
1946,1,MS,roots,1.64451856
1947,1,MS,roots,1.66463254
1948,1,MS,roots,1.68088401
1949,1,MS,roots,1.70925217
1950,1,MS,roots,1.72698617
1951,1,MS,roots,1.73636444
1952,1,MS,roots,1.73906878
1953,1,MS,roots,1.73778201
1954,1,MS,roots,1.73302521
1955,1,MS,roots,1.72841287
1956,1,MS,roots,1.72271508
1957,1,MS,roots,1.72003468
1958,1,MS,roots,1.7206919
1959,1,MS,roots,1.72245373
1960,1,MS,roots,1.72696523
1961,1,MS,roots,1.74015719
1962,1,MS,roots,1.7496049
1963,1,MS,roots,1.75702978
1964,1,MS,roots,1.76562723
1965,1,MS,roots,1.7808295
1966,1,MS,roots,1.79824596
1967,1,MS,roots,1.82348197
1968,1,MS,roots,1.89440968
1969,1,MS,roots,1.95690632
1970,1,MS,roots,2.01085961
1971,1,MS,roots,2.05218624
1972,1,MS,roots,2.06989472
1973,1,MS,roots,2.06871573
1974,1,MS,roots,2.05359325
1975,1,MS,roots,2.02558182
1976,1,MS,roots,1.99328744
1977,1,MS,roots,1.96138647
1978,1,MS,roots,1.92916873
1979,1,MS,roots,1.89531405
1980,1,MS,roots,1.86307403
1981,1,MS,roots,1.83642182
1982,1,MS,roots,1.81321504
1983,1,MS,roots,1.79172083
1984,1,MS,roots,1.77457223
1985,1,MS,roots,1.76113933
1986,1,MS,roots,1.75371099
1987,1,MS,roots,1.74851305
1988,1,MS,roots,1.74823773
1989,1,MS,roots,1.75129078
1990,1,MS,roots,1.75339777
1991,1,MS,roots,1.76090856
1992,1,MS,roots,1.77789475
1993,1,MS,roots,1.81904663
1994,1,MS,roots,1.86160143
1995,1,MS,roots,1.90116789
1996,1,MS,roots,1.93277825
1997,1,MS,roots,1.94966937
1998,1,MS,roots,1.94879786
1999,1,MS,roots,1.93193403
2000,1,MS,roots,1.9075012
2001,1,MS,roots,1.88012288
2002,1,MS,roots,1.84962569
2003,1,MS,roots,1.81793243
2004,1,MS,roots,1.78814081
2005,1,MS,roots,1.77064115
2006,1,MS,roots,1.75914127
2007,1,MS,roots,1.75469231
2008,1,MS,roots,1.75954627
2009,1,MS,roots,1.76992793
2010,1,MS,roots,1.78464071
2011,1,MS,roots,1.80250219
2012,1,MS,roots,1.83844034
2013,1,MS,roots,1.89191361
2014,1,MS,roots,1.95857578
2015,1,MS,roots,2.06364154
2016,1,MS,roots,3.61855501
2017,1,MS,roots,3.85322841
2018,1,MS,roots,4.08554659
2019,1,MS,roots,4.28717974
2020,1,MS,roots,4.43665354
2021,1,MS,roots,4.51584527
2022,1,MS,roots,4.52024047
2023,1,MS,roots,4.48469646
2024,1,MS,roots,4.43389466
2025,1,MS,roots,4.37403708
2026,1,MS,roots,4.30652341
2027,1,MS,roots,4.23239451
2028,1,MS,roots,4.1647015
2029,1,MS,roots,4.12159653
2030,1,MS,roots,4.10588388
2031,1,MS,roots,4.13049556
2032,1,MS,roots,4.1695801
2033,1,MS,roots,4.21517681
2034,1,MS,roots,4.26173255
2035,1,MS,roots,4.319075
2036,1,MS,roots,4.42011855
2037,1,MS,roots,4.59833052
2038,1,MS,roots,4.87359645
2039,1,MS,roots,5.15597493
2040,1,MS,roots,5.41412312
2041,1,MS,roots,5.66694591
2042,1,MS,roots,5.89307226
2043,1,MS,roots,6.06120379
2044,1,MS,roots,6.13443972
2045,1,MS,roots,6.11419508
2046,1,MS,roots,6.02373339
2047,1,MS,roots,5.90235429
2048,1,MS,roots,5.77173354
2049,1,MS,roots,5.64774918
2050,1,MS,roots,5.51049524
2051,1,MS,roots,5.3656141
2052,1,MS,roots,5.22434024
2053,1,MS,roots,5.10265222
2054,1,MS,roots,5.00413008
2055,1,MS,roots,4.93613087
2056,1,MS,roots,4.88925953
2057,1,MS,roots,4.8590436
2058,1,MS,roots,4.81951498
2059,1,MS,roots,4.78678869
2060,1,MS,roots,4.83696413
2061,1,MS,roots,4.90096837
2062,1,MS,roots,5.09666624
2063,1,MS,roots,5.31435858
2064,1,MS,roots,5.54123287
2065,1,MS,roots,5.75649722
2066,1,MS,roots,5.92635755
2067,1,MS,roots,6.01826597
2068,1,MS,roots,6.01126061
2069,1,MS,roots,5.9198223
2070,1,MS,roots,5.76942949
2071,1,MS,roots,5.593306
2072,1,MS,roots,5.41355368
2073,1,MS,roots,5.22474511
2074,1,MS,roots,5.03859194
2075,1,MS,roots,4.85267049
2076,1,MS,roots,4.67444562
2077,1,MS,roots,4.53251419
2078,1,MS,roots,4.42064657
2079,1,MS,roots,4.33966052
2080,1,MS,roots,4.26462245
2081,1,MS,roots,4.20636779
2082,1,MS,roots,4.15290199
2083,1,MS,roots,4.10718634
2084,1,MS,roots,4.11380171
2085,1,MS,roots,4.1867871
2086,1,MS,roots,4.38391806
2087,1,MS,roots,4.60510792
2088,1,MS,roots,4.84917813
2089,1,MS,roots,5.09831585
2090,1,MS,roots,5.30073453
2091,1,MS,roots,5.4662853
2092,1,MS,roots,5.56522852
2093,1,MS,roots,5.57065329
2094,1,MS,roots,5.48966846
2095,1,MS,roots,5.35148617
2096,1,MS,roots,5.1871712
2097,1,MS,roots,5.01326343
2098,1,MS,roots,4.83530258
2099,1,MS,roots,4.68340237
2100,1,MS,roots,4.53821011
2101,1,MS,roots,4.4175642
2102,1,MS,roots,4.32980055
2103,1,MS,roots,4.26388812
2104,1,MS,roots,4.2152664
2105,1,MS,roots,4.18076063
2106,1,MS,roots,4.16727707
2107,1,MS,roots,4.16921622
2108,1,MS,roots,4.23332938
2109,1,MS,roots,4.37447441
2110,1,MS,roots,4.57407034
2111,1,MS,roots,4.79921088
2112,1,MS,roots,5.01455521
2113,1,MS,roots,5.23167096
2114,1,MS,roots,5.41659561
2115,1,MS,roots,5.54750825
2116,1,MS,roots,5.59206153
2117,1,MS,roots,5.55483258
2118,1,MS,roots,5.44282438
2119,1,MS,roots,5.29090155
2120,1,MS,roots,5.15756929
2121,1,MS,roots,5.01555949
2122,1,MS,roots,4.88751711
2123,1,MS,roots,4.7620145
2124,1,MS,roots,4.64944711
2125,1,MS,roots,4.58085651
2126,1,MS,roots,4.54649409
2127,1,MS,roots,4.52470347
2128,1,MS,roots,4.52534821
2129,1,MS,roots,4.55095017
2130,1,MS,roots,4.59011061
2131,1,MS,roots,4.64379361
2132,1,MS,roots,4.74350706
2133,1,MS,roots,4.93502188
2134,1,MS,roots,5.17419995
2135,1,MS,roots,5.42867303
2136,1,MS,roots,5.66567744
2137,1,MS,roots,5.87104049
2138,1,MS,roots,6.01364449
2139,1,MS,roots,6.0902344
2140,1,MS,roots,6.08804226
2141,1,MS,roots,6.02636978
2142,1,MS,roots,5.91061341
2143,1,MS,roots,5.76749633
2144,1,MS,roots,5.62416663
2145,1,MS,roots,5.48693555
2146,1,MS,roots,5.36345983
2147,1,MS,roots,5.24307671
2148,1,MS,roots,5.12946842
2149,1,MS,roots,5.09069722
2150,1,MS,roots,5.05604877
2151,1,MS,roots,5.05323361
2152,1,MS,roots,5.07539006
2153,1,MS,roots,5.11651936
2154,1,MS,roots,5.17491495
2155,1,MS,roots,5.23373839
2156,1,MS,roots,5.38453892
2157,1,MS,roots,5.59768602
2158,1,MS,roots,5.85515248
2159,1,MS,roots,6.11462439
2160,1,MS,roots,6.34943606
2161,1,MS,roots,6.54509108
2162,1,MS,roots,6.68277308
2163,1,MS,roots,6.74473995
2164,1,MS,roots,6.75278381
2165,1,MS,roots,6.69592803
2166,1,MS,roots,6.54048802
2167,1,MS,roots,6.35721102
2168,1,MS,roots,6.19181576
2169,1,MS,roots,6.04353947
2170,1,MS,roots,5.89178619
2171,1,MS,roots,5.74002251
2172,1,MS,roots,5.61850636
2173,1,MS,roots,5.55985334
2174,1,MS,roots,5.49957402
2175,1,MS,roots,5.45194552
2176,1,MS,roots,5.44025777
2177,1,MS,roots,5.47385166
2178,1,MS,roots,5.53654235
2179,1,MS,roots,5.59223958
2180,1,MS,roots,5.72176166
2181,1,MS,roots,5.86279397
2182,1,MS,roots,5.9334082
2183,1,MS,roots,6.04445455
2184,1,MS,roots,6.17829638
2185,1,MS,roots,6.33136048
2186,1,MS,roots,6.39613666
2187,1,MS,roots,6.39986434
2188,1,MS,roots,6.30074021
2189,1,MS,roots,6.1383787
2190,1,MS,roots,5.94993452
2191,1,MS,roots,5.76841074
2192,1,MS,roots,5.60619548
2193,1,MS,roots,5.46786465
2194,1,MS,roots,5.33227516
2195,1,MS,roots,5.19017165
2196,1,MS,roots,5.07333885
2197,1,MS,roots,4.99451055
2198,1,MS,roots,4.93326735
2199,1,MS,roots,4.92049757
2200,1,MS,roots,4.91641275
2201,1,MS,roots,4.91297795
2202,1,MS,roots,4.9261371
2203,1,MS,roots,4.93449201
2204,1,MS,roots,5.01350247
2205,1,MS,roots,5.17796949
2206,1,MS,roots,5.34884995
2207,1,MS,roots,5.51281792
2208,1,MS,roots,5.63715804
2209,1,MS,roots,5.75482134
2210,1,MS,roots,5.80074929
2211,1,MS,roots,5.815253
2212,1,MS,roots,5.76796503
2213,1,MS,roots,5.68730005
2214,1,MS,roots,5.57457008
2215,1,MS,roots,5.43374697
2216,1,MS,roots,5.30625491
2217,1,MS,roots,5.17091178
2218,1,MS,roots,5.04036177
2219,1,MS,roots,4.9079039
2220,1,MS,roots,4.79836389
2221,1,MS,roots,4.75000835
2222,1,MS,roots,4.7070451
2223,1,MS,roots,4.70062667
2224,1,MS,roots,4.70858411
2225,1,MS,roots,4.72008702
2226,1,MS,roots,4.74256646
2227,1,MS,roots,4.76781876
2228,1,MS,roots,4.84682177
2229,1,MS,roots,4.96656988
2230,1,MS,roots,5.12917964
2231,1,MS,roots,5.32038541
2232,1,MS,roots,5.40933453
2233,1,MS,roots,5.48800157
2234,1,MS,roots,5.55721981
2235,1,MS,roots,5.59023088
2236,1,MS,roots,5.60919591
2237,1,MS,roots,5.58673344
2238,1,MS,roots,5.53240405
2239,1,MS,roots,5.46594916
2240,1,MS,roots,5.38385264
2241,1,MS,roots,5.31568798
2242,1,MS,roots,5.22466626
2243,1,MS,roots,5.14952075
2244,1,MS,roots,5.09189075
2245,1,MS,roots,5.06068133
2246,1,MS,roots,5.04174192
2247,1,MS,roots,5.03025307
2248,1,MS,roots,5.02942215
2249,1,MS,roots,5.0340274
2250,1,MS,roots,5.02866589
2251,1,MS,roots,5.02950995
2252,1,MS,roots,5.05164246
2253,1,MS,roots,5.09326102
2254,1,MS,roots,5.1153625
2255,1,MS,roots,5.1382789
2256,1,MS,roots,5.12092363
2257,1,MS,roots,5.07630737
2258,1,MS,roots,5.02180275
2259,1,MS,roots,4.95232485
2260,1,MS,roots,4.8845602
2261,1,MS,roots,4.81444599
2262,1,MS,roots,4.73870998
2263,1,MS,roots,4.64954525
2264,1,MS,roots,4.55528491
2265,1,MS,roots,4.47185097
2266,1,MS,roots,4.3939047
2267,1,MS,roots,4.32234339
2268,1,MS,roots,4.25666812
2269,1,MS,roots,4.20491049
2270,1,MS,roots,4.15843062
2271,1,MS,roots,4.11819207
2272,1,MS,roots,4.07084417
2273,1,MS,roots,4.04900497
2274,1,MS,roots,4.03461
2275,1,MS,roots,4.02451481
2276,1,MS,roots,4.02797334
2277,1,MS,roots,4.04677807
2278,1,MS,roots,4.07878519
2279,1,MS,roots,4.11947329
2280,1,MS,roots,4.172342
2281,1,MS,roots,4.24428531
2282,1,MS,roots,4.31493705
2283,1,MS,roots,4.37366663
2284,1,MS,roots,4.40800314
2285,1,MS,roots,4.42789054
2286,1,MS,roots,4.41563398
2287,1,MS,roots,4.37562968
2288,1,MS,roots,4.32440042
2289,1,MS,roots,4.27817919
2290,1,MS,roots,4.22369707
2291,1,MS,roots,4.17331042
2292,1,MS,roots,4.13211083
2293,1,MS,roots,4.09041071
2294,1,MS,roots,4.05718786
2295,1,MS,roots,4.03587322
2296,1,MS,roots,4.0221927
2297,1,MS,roots,4.01004161
2298,1,MS,roots,3.99322177
2299,1,MS,roots,3.98558692
2300,1,MS,roots,3.97900949
2301,1,MS,roots,3.97967818
2302,1,MS,roots,3.99526505
2303,1,MS,roots,4.02457954
2304,1,MS,roots,4.04643723
2305,1,MS,roots,4.08050603
2306,1,MS,roots,4.13494368
2307,1,MS,roots,4.16632093
2308,1,MS,roots,4.18799583
2309,1,MS,roots,4.19662427
2310,1,MS,roots,4.18958849
2311,1,MS,roots,4.16608517
2312,1,MS,roots,4.1432704
2313,1,MS,roots,4.12462965
2314,1,MS,roots,4.10721225
2315,1,MS,roots,4.0859549
2316,1,MS,roots,4.06791394
2317,1,MS,roots,4.06668332
2318,1,MS,roots,4.0506273
2319,1,MS,roots,4.04905534
2320,1,MS,roots,4.05004358
2321,1,MS,roots,4.05767381
2322,1,MS,roots,4.06545315
2323,1,MS,roots,4.08145144
2324,1,MS,roots,4.15028853
2325,1,MS,roots,4.25383387
2326,1,MS,roots,4.39198527
2327,1,MS,roots,4.54904956
2328,1,MS,roots,4.71280566
2329,1,MS,roots,4.88455582
2330,1,MS,roots,5.0661988
2331,1,MS,roots,5.21607688
2332,1,MS,roots,5.2911064
2333,1,MS,roots,5.29622372
2334,1,MS,roots,5.24731097
2335,1,MS,roots,5.14379984
2336,1,MS,roots,5.05835846
2337,1,MS,roots,4.96525627
2338,1,MS,roots,4.85636315
2339,1,MS,roots,4.75204287
2340,1,MS,roots,4.65775082
2341,1,MS,roots,4.56971165
2342,1,MS,roots,4.4861056
2343,1,MS,roots,4.41362271
2344,1,MS,roots,4.3554087
2345,1,MS,roots,4.29824899
2346,1,MS,roots,4.24522977
2347,1,MS,roots,4.19193447
2348,1,MS,roots,4.15094959
2349,1,MS,roots,4.10478333
2350,1,MS,roots,4.04291705
2351,1,MS,roots,4.01850705
2352,1,MS,roots,3.99680714
2353,1,MS,roots,3.97122521
2354,1,MS,roots,3.93090441
2355,1,MS,roots,3.86384295
2356,1,MS,roots,3.76368157
2357,1,MS,roots,3.64842397
2358,1,MS,roots,3.52089701
2359,1,MS,roots,3.39757642
2360,1,MS,roots,3.28979664
2361,1,MS,roots,3.19200991
2362,1,MS,roots,3.09838507
2363,1,MS,roots,3.00479471
2364,1,MS,roots,2.91890506
2365,1,MS,roots,2.84874426
2366,1,MS,roots,2.78920559
2367,1,MS,roots,2.7293762
2368,1,MS,roots,2.66431155
2369,1,MS,roots,2.58905534
2370,1,MS,roots,2.51637118
2371,1,MS,roots,2.45711125
2372,1,MS,roots,2.40357284
2373,1,MS,roots,2.36309705
2374,1,MS,roots,2.33033142
2375,1,MS,roots,2.29072154
2376,1,MS,roots,2.26321063
2377,1,MS,roots,2.25531488
2378,1,MS,roots,2.25565969
2379,1,MS,roots,2.2464333
2380,1,MS,roots,2.22868236
2381,1,MS,roots,2.20331027
2382,1,MS,roots,2.165153
2383,1,MS,roots,2.10794229
2384,1,MS,roots,2.03990612
2385,1,MS,roots,1.96175775
2386,1,MS,roots,1.88409062
2387,1,MS,roots,1.80864917
2388,1,MS,roots,1.74230094
2389,1,MS,roots,1.69232558
2390,1,MS,roots,1.65314184
2391,1,MS,roots,1.61924988
2392,1,MS,roots,1.59086616
2393,1,MS,roots,1.56578159
2394,1,MS,roots,1.54125926
2395,1,MS,roots,1.52474109
2396,1,MS,roots,1.52666849
2397,1,MS,roots,1.54302301
2398,1,MS,roots,1.58025754
2399,1,MS,roots,1.6332098
2400,1,MS,roots,1.69507444
2401,1,MS,roots,1.74961977
2402,1,MS,roots,1.78127228
2403,1,MS,roots,1.79921956
2404,1,MS,roots,1.79774794
2405,1,MS,roots,1.78864265
2406,1,MS,roots,1.75941121
2407,1,MS,roots,1.71952274
2408,1,MS,roots,1.67029167
2409,1,MS,roots,1.62434038
2410,1,MS,roots,1.57367612
2411,1,MS,roots,1.52554598
2412,1,MS,roots,1.48551911
2413,1,MS,roots,1.46306066
2414,1,MS,roots,1.45237775
2415,1,MS,roots,1.4483283
2416,1,MS,roots,1.44992192
2417,1,MS,roots,1.45433736
2418,1,MS,roots,1.46449126
2419,1,MS,roots,1.47511534
2420,1,MS,roots,1.49467641
2421,1,MS,roots,1.52840578
2422,1,MS,roots,1.56178723
2423,1,MS,roots,1.59164742
2424,1,MS,roots,1.62288501
2425,1,MS,roots,1.64448689
2426,1,MS,roots,1.63717301
2427,1,MS,roots,1.62692457
2428,1,MS,roots,1.60891384
2429,1,MS,roots,1.57184766
2430,1,MS,roots,1.52867133
2431,1,MS,roots,1.47949172
2432,1,MS,roots,1.42755178
2433,1,MS,roots,1.37803608
2434,1,MS,roots,1.33043733
2435,1,MS,roots,1.28660356
2436,1,MS,roots,1.25640116
2437,1,MS,roots,1.2388232
2438,1,MS,roots,1.22568509
2439,1,MS,roots,1.21747581
2440,1,MS,roots,1.21071676
2441,1,MS,roots,1.2116783
2442,1,MS,roots,1.21480691
2443,1,MS,roots,1.21807275
2444,1,MS,roots,1.22946807
2445,1,MS,roots,1.24430317
2446,1,MS,roots,1.25654213
2447,1,MS,roots,1.26267851
2448,1,MS,roots,1.26246519
2449,1,MS,roots,1.25691962
2450,1,MS,roots,1.24236733
2451,1,MS,roots,1.21547976
2452,1,MS,roots,1.18069377
2453,1,MS,roots,1.14076875
2454,1,MS,roots,1.09411117
2455,1,MS,roots,0
2456,1,MS,roots,0
2457,1,MS,roots,0
2458,1,MS,roots,0
2459,1,MS,roots,0
2460,1,MS,roots,0
2461,1,MS,roots,0
2462,1,MS,roots,0
2463,1,MS,roots,0
2464,1,MS,roots,0
2465,1,MS,roots,0
2466,1,MS,roots,0
2467,1,MS,roots,0
2468,1,MS,roots,0
2469,1,MS,roots,0
2470,1,MS,roots,0
2471,1,MS,roots,0
2472,1,MS,roots,0
2473,1,MS,roots,0
2474,1,MS,roots,0
2475,1,MS,roots,0
2476,1,MS,roots,0
2477,1,MS,roots,0
2478,1,MS,roots,0
2479,1,MS,roots,0
2480,1,MS,roots,0
2481,1,MS,roots,0
2482,1,MS,roots,0
2483,1,MS,roots,0
2484,1,MS,roots,0
2485,1,MS,roots,0
2486,1,MS,roots,0
2487,1,MS,roots,0
2488,1,MS,roots,0
2489,1,MS,roots,0
2490,1,MS,roots,0
2491,1,MS,roots,0
2492,1,MS,roots,0
2493,1,MS,roots,0
2494,1,MS,roots,0
2495,1,MS,roots,0
2496,1,MS,roots,0
2497,1,MS,roots,0
2498,1,MS,roots,0
2499,1,MS,roots,0
